{
  "results": [
    {
      "command": "reference",
      "mean": 0.15690213939999997,
      "stddev": 0.0030553409560690093,
      "median": 0.15606835089999999,
      "user": 0.11154346000000001,
      "system": 0.0606861,
      "min": 0.1539295154,
      "max": 0.1626890984,
      "times": [
        0.1539295154,
        0.1560619244,
        0.1589306664,
        0.1543789844,
        0.1626890984,
        0.1600216014,
        0.1588420304,
        0.1560747774,
        0.1539623564,
        0.15413043939999999
      ],
      "exit_codes": [
        0,
        0,
        0,
        0,
        0,
        0,
        0,
        0,
        0,
        0
      ]
    },
    {
      "command": "monotone-queue",
      "mean": 0.1161179768,
      "stddev": 0.005343185443933318,
      "median": 0.1154736489,
      "user": 0.07104776,
      "system": 0.0602332,
      "min": 0.1108913554,
      "max": 0.1300003584,
      "times": [
        0.1300003584,
        0.1124371794,
        0.1126503174,
        0.1159398954,
        0.1134806864,
        0.1108913554,
        0.1171516954,
        0.11541549540000001,
        0.11768098240000001,
        0.11553180240000001
      ],
      "exit_codes": [
        0,
        0,
        0,
        0,
        0,
        0,
        0,
        0,
        0,
        0
      ]
    }
  ]
}
